departamento_id,jovenes_proporcion,jovenes_asistencia_escolar,personas_por_cuarto,propietarios_vivienda_proporcion,departamento_nombre,provincia_id
02001,0.041250983554,0.800777110562,1.42966460662,0.425155088317,Comuna 1,02
02002,0.0358255451713,0.915694591729,1.08106702079,0.325974629559,Comuna 2,02
02003,0.0411758746274,0.851463351463,1.36260726145,0.416156244953,Comuna 3,02
02004,0.0565190496919,0.805188488042,1.47493731795,0.315126545026,Comuna 4,02
02005,0.0396692829809,0.890015490776,1.27398439946,0.343010696718,Comuna 5,02
02006,0.0374440582476,0.911421204308,1.18546546466,0.270797590073,Comuna 6,02
02007,0.0490001858643,0.83772781941,1.32863733828,0.284145159113,Comuna 7,02
02008,0.0647842039768,0.762572135202,1.53313354131,0.214143357845,Comuna 8,02
02009,0.0505880825973,0.843005497862,1.36797294441,0.241791308965,Comuna 9,02
02010,0.0464637216754,0.871532278973,1.29983949892,0.245358241258,Comuna 10,02
02011,0.044381347718,0.89471810089,1.25590965326,0.23078645396,Comuna 11,02
02012,0.0411961062584,0.902474526929,1.2372696921,0.237908513374,Comuna 12,02
02013,0.0371459078118,0.913185150704,1.11319583462,0.269177959525,Comuna 13,02
02014,0.0362570252688,0.910655437569,1.09984084261,0.310120678598,Comuna 14,02
02015,0.0436973501156,0.876410127852,1.28375252252,0.288001103981,Comuna 15,02
06007,0.0666002811621,0.765171503958,1.24006682647,0.117043450377,Adolfo Alsina,06
06014,0.06947787831,0.768219832736,1.26783834982,0.125744224815,Adolfo González Cháves,06
06021,0.053876478318,0.782229965157,1.23668020894,0.12434691745,Alberti,06
06028,0.0734723332525,0.794131403392,1.63981208515,0.0859111128105,Almirante Brown,06
06035,0.0579087595608,0.83188873211,1.44123634161,0.178421806226,Avellaneda,06
06042,0.0667256724197,0.731024318349,1.32574967405,0.140806659968,Ayacucho,06
06049,0.0644607843137,0.773288973384,1.36104914205,0.147638510445,Azul,06
06056,0.0609870942926,0.826120052197,1.35722804538,0.236591293121,Bahía Blanca,06
06063,0.06165712069,0.723168023686,1.40584498909,0.153736413043,Balcarce,06
06070,0.0645584689112,0.777304964539,1.41497862048,0.119335637481,Baradero,06
06077,0.0671050819446,0.69984607491,1.38621611302,0.117431384873,Arrecifes,06
06084,0.0629477740995,0.772370486656,1.31875936665,0.13763631005,Benito Juárez,06
06091,0.0690035898891,0.819924912845,1.63858076319,0.0982031686059,Berazategui,06
06098,0.066847518933,0.798613459587,1.52245740836,0.109257167839,Berisso,06
06105,0.06332260895,0.765819861432,1.3088584335,0.156390601566,Bolívar,06
06112,0.0622217921424,0.731726283048,1.318364483,0.11972570149,Bragado,06
06119,0.0677361853832,0.717245240761,1.49991467091,0.135631907737,Brandsen,06
06126,0.0673293740274,0.741509433962,1.53144404274,0.154352388745,Campana,06
06134,0.0720920373083,0.706495589415,1.61335654769,0.117293625914,Cañuelas,06
06140,0.063543535256,0.71552660152,1.4126705653,0.170162671233,Capitán Sarmiento,06
06147,0.0665557404326,0.708783783784,1.33483402365,0.128360128617,Carlos Casares,06
06154,0.0630942091616,0.72602739726,1.2846990895,0.104879275654,Carlos Tejedor,06
06161,0.0628913694528,0.698051948052,1.42626929424,0.127402288922,Carmen de Areco,06
06168,0.0639853747715,0.790476190476,1.38621388748,0.12164645351,Castelli,06
06175,0.0646042587384,0.721393034826,1.38462394304,0.109876693932,Colón,06
06182,0.0642135409963,0.865697820095,1.40507302075,0.249639621087,Coronel de Marina L. Rosales,06
06189,0.0606003159558,0.773722627737,1.19940882219,0.133415362981,Coronel Dorrego,06
06196,0.0722975624646,0.726176115802,1.3168532874,0.128319130542,Coronel Pringles,06
06203,0.0657620041754,0.741666666667,1.26518753302,0.130696602483,Coronel Suárez,06
06210,0.0588054123976,0.719972067039,1.3718382063,0.153673617847,Chacabuco,06
06217,0.0634150956785,0.766878030586,1.37692157374,0.14435733295,Chascomús,06
06224,0.0584248656228,0.728533333333,1.34613368008,0.163247747136,Chivilcoy,06
06231,0.0682692877021,0.738074588031,1.40134417524,0.141266654499,Daireaux,06
06238,0.0675985504031,0.842450765864,1.36644770086,0.116170590849,Dolores,06
06245,0.0669498845388,0.764086361243,1.50359140184,0.101874677521,Ensenada,06
06252,0.0739400521489,0.756315289649,1.62569062876,0.134259182074,Escobar,06
06260,0.0734418974013,0.769940732027,1.67244972242,0.110503536858,Esteban Echeverría,06
06266,0.0700889112565,0.719483006223,1.48350007466,0.134051203164,Exaltación de la Cruz,06
06270,0.0758969472643,0.771125060357,1.81846656226,0.0861600017983,Ezeiza,06
06274,0.0808887219634,0.762529382745,1.85640080356,0.0731338666195,Florencio Varela,06
06277,0.0761077911828,0.700740740741,1.34930777423,0.143335565975,Florentino Ameghino,06
06280,0.0667020255594,0.779628928436,1.45272427078,0.133993088281,General Alvarado,06
06287,0.0617250673854,0.768558951965,1.51966138722,0.127569528416,General Alvear,06
06294,0.0605247265651,0.754988913525,1.24805292689,0.116951379763,General Arenales,06
06301,0.065649294558,0.737719298246,1.3432085396,0.130326231691,General Belgrano,06
06308,0.0635653409091,0.776536312849,1.24822695035,0.0796019900498,General Guido,06
06315,0.0714032511268,0.727659574468,1.4632826973,0.115445356917,General Juan Madariaga,06
06322,0.0738199016971,0.736180904523,1.24702208859,0.107757479481,General La Madrid,06
06329,0.0649472765129,0.744570837642,1.48592814371,0.137254901961,General Las Heras,06
06336,0.0691891891892,0.78515625,1.46942017474,0.0578231292517,General Lavalle,06
06343,0.0624888412783,0.73,1.34850126399,0.15150713908,General Paz,06
06351,0.070508835805,0.759445843829,1.31723008539,0.118312757202,General Pinto,06
06357,0.0618056217477,0.780876702303,1.43965661603,0.204567337483,General Pueyrredón,06
06364,0.0751161323622,0.695831424645,1.7089401572,0.101620797561,General Rodríguez,06
06371,0.0602564969242,0.789326067794,1.50713732111,0.186078287113,General San Martín,06
06385,0.067927868127,0.778501628664,1.29842706313,0.105631562202,General Viamonte,06
06392,0.0679432348367,0.708631378159,1.38032200358,0.130052214272,General Villegas,06
06399,0.060629122273,0.743375174338,1.22727272727,0.113873106061,Guaminí,06
06406,0.0683359415754,0.737404580153,1.29632134163,0.126858877086,Hipólito Yrigoyen,06
06408,0.0624748263362,0.826282787247,1.51029132362,0.136279525416,Hurlingham,06
06410,0.0612903994661,0.845518180051,1.44279094559,0.099836715652,Ituzaingó,06
06412,0.0769453457202,0.741229356005,1.7558587819,0.0916594629263,José C. Paz,06
06413,0.0597862798295,0.796258566401,1.3684856567,0.181692231569,Junín,06
06420,0.0650984447029,0.786896095301,1.43189389266,0.173618940248,La Costa,06
06427,0.0727321974799,0.761363900309,1.7310375214,0.145955220464,La Matanza,06
06434,0.057890576859,0.818708391319,1.48321599277,0.154792304504,Lanús,06
06441,0.0607863993985,0.811308895258,1.401185064,0.20458355361,La Plata,06
06448,0.0740450538688,0.75,1.29634332148,0.116071428571,Laprida,06
06455,0.0636755896276,0.713157894737,1.3377605918,0.118714233532,Las Flores,06
06462,0.0681588189773,0.717903930131,1.3198460088,0.126577900744,Leandro N. Alem,06
06469,0.0632893226177,0.765684051398,1.29705581237,0.136219713656,Lincoln,06
06476,0.0679678137305,0.775818639798,1.34203875316,0.100982717723,Lobería,06
06483,0.0614563750968,0.688708951867,1.42112913998,0.13686271172,Lobos,06
06490,0.0655287621353,0.791402535658,1.54303133489,0.125330961005,Lomas de Zamora,06
06497,0.064099065614,0.73825601879,1.51528502581,0.16624646415,Luján,06
06505,0.061862079685,0.746231155779,1.64585998124,0.151362448675,Magdalena,06
06511,0.065371024735,0.804804804805,1.33002610966,0.108210037714,Maipú,06
06515,0.0728003101978,0.764838723422,1.69320825871,0.114016431977,Malvinas Argentinas,06
06518,0.0631138681329,0.784810126582,1.38688652806,0.135066760365,Mar Chiquita,06
06525,0.0775917757147,0.700523311132,1.81620407616,0.107942139738,Marcos Paz,06
06532,0.0642500474053,0.750614854894,1.43579272166,0.173839912932,Mercedes,06
06539,0.0743357540483,0.765259889019,1.71583947222,0.101045248991,Merlo,06
06547,0.0656556052106,0.688631426503,1.486816993,0.148626081676,Monte,06
06553,0.0563163563625,0.754098360656,1.35621869783,0.229944229944,Monte Hermoso,06
06560,0.0788853161844,0.74924361273,1.75942594745,0.0900770868275,Moreno,06
06568,0.0542027784958,0.870209709853,1.37219617881,0.154131821668,Morón,06
06574,0.0691333411516,0.678541136556,1.42615822044,0.135500845706,Navarro,06
06581,0.0652190287627,0.789473684211,1.35029931419,0.162036595068,Necochea,06
06588,0.0644356900381,0.719349593496,1.33264451271,0.155874417464,9 de Julio,06
06595,0.0629945930462,0.796930510161,1.3868845132,0.17102943171,Olavarría,06
06602,0.0721024927997,0.813131313131,1.40950025664,0.168614357262,Patagones,06
06609,0.064435840708,0.766289504487,1.33930435368,0.154219485694,Pehuajó,06
06616,0.0684559198233,0.754342431762,1.23806519453,0.127619047619,Pellegrini,06
06623,0.0666889760015,0.758996415771,1.37421329935,0.140445237,Pergamino,06
06630,0.0730769230769,0.748120300752,1.38140417457,0.0633744855967,Pila,06
06638,0.0767594967182,0.730844622555,1.62890646275,0.125896626387,Pilar,06
06644,0.0576026119403,0.782051282051,1.47760165403,0.264472882389,Pinamar,06
06648,0.0772728953304,0.706858054226,1.896615399,0.0667071235179,Presidente Perón,06
06651,0.0538652099346,0.801886792453,1.10260540692,0.110145385588,Puán,06
06655,0.0651294498382,0.840062111801,1.28766766506,0.142103721067,Punta Indio,06
06658,0.0654643764485,0.797285257586,1.56959533868,0.12015131839,Quilmes,06
06665,0.0710005447612,0.736146632566,1.46970910061,0.116165081855,Ramallo,06
06672,0.0687269372694,0.755512943432,1.28056704076,0.140469483568,Rauch,06
06679,0.0694160881993,0.751260504202,1.43684519319,0.117089184753,Rivadavia,06
06686,0.0626920450666,0.753573859769,1.33174197215,0.117353308365,Rojas,06
06693,0.0622552545353,0.657252888318,1.36649557715,0.154365541327,Roque Pérez,06
06700,0.055858113644,0.807592752373,1.23911615408,0.16008202324,Saavedra,06
06707,0.0628913185684,0.746409113422,1.37574458967,0.152581723626,Saladillo,06
06714,0.0620157412795,0.707160493827,1.40075500837,0.133314622509,Salto,06
06721,0.0602730217492,0.827255278311,1.20793739519,0.128399746996,Salliqueló,06
06728,0.0694836496287,0.701875,1.45943719103,0.145524437122,San Andrés de Giles,06
06735,0.0670758060334,0.771262886598,1.40733532024,0.139479905437,San Antonio de Areco,06
06742,0.065841171568,0.745027124774,1.27508729315,0.105707531239,San Cayetano,06
06749,0.065602793433,0.80371650014,1.55684625142,0.197979102543,San Fernando,06
06756,0.0552858186685,0.876111660079,1.25425790233,0.177815724234,San Isidro,06
06760,0.0707773634092,0.793482709229,1.57229875897,0.147171543031,San Miguel,06
06763,0.0650294466498,0.824143384291,1.45720023178,0.133027013829,San Nicolás,06
06770,0.0720746663053,0.675675675676,1.49841366532,0.136218209425,San Pedro,06
06778,0.0752547160295,0.734584450402,1.69849791536,0.0740243047441,San Vicente,06
06784,0.0689415732566,0.709352517986,1.42709513024,0.135767790262,Suipacha,06
06791,0.0617497235027,0.81357040136,1.37602337232,0.245255474453,Tandil,06
06798,0.0646110263674,0.760539629005,1.30387839182,0.0951628201075,Tapalqué,06
06805,0.0687733971694,0.781842766081,1.56264167864,0.148722341974,Tigre,06
06812,0.0765306122449,0.822222222222,1.41346153846,0.0537634408602,Tordillo,06
06819,0.0631926432445,0.773631840796,1.28398425674,0.178713089467,Tornquist,06
06826,0.0673159619721,0.736533149171,1.35264895457,0.159515118121,Trenque Lauquen,06
06833,0.0634564874803,0.762141280353,1.31924231924,0.169235358457,Tres Arroyos,06
06840,0.0563558786253,0.831933211584,1.43849192921,0.184566738906,Tres de Febrero,06
06847,0.0672413793103,0.74358974359,1.34758364312,0.140635798203,Tres Lomas,06
06854,0.0642263266559,0.704170286707,1.30953598831,0.136034149485,25 de Mayo,06
06861,0.048500482518,0.90793602204,1.22103431241,0.21484398606,Vicente López,06
06868,0.0642294358651,0.768400392542,1.50393402218,0.219298245614,Villa Gesell,06
06875,0.0789320951828,0.676879084967,1.53276663042,0.172699696663,Villarino,06
06882,0.0677786626294,0.744996772111,1.57410494125,0.138241260694,Zárate,06
10007,0.0743894241542,0.80421686747,1.29362318841,0.032457496136,Ambato,10
10014,0.0778196777511,0.590308370044,1.61249309011,0.0101781170483,Ancasti,10
10021,0.0841606000441,0.745085190039,1.53543907189,0.055354481584,Andalgalá,10
10028,0.0619777158774,0.752808988764,1.66976744186,0.0602739726027,Antofagasta de la Sierra,10
10035,0.0864490177064,0.758205234732,1.56184439334,0.0704122047822,Belén,10
10042,0.0875349704694,0.751420454545,1.72548809268,0.0292844410491,Capayán,10
10049,0.0771557203058,0.828599253368,1.53270247704,0.110355163309,Capital,10
10056,0.0694677871148,0.665322580645,1.53021860266,0.0403071017274,El Alto,10
10063,0.0822125084062,0.808793456033,1.61148740179,0.0473666777079,Fray Mamerto Esquiú,10
10070,0.088700415231,0.72061752988,1.76597238474,0.0666338421139,La Paz,10
10077,0.0805256869773,0.780415430267,1.45971398675,0.03125,Paclín,10
10084,0.0876948775056,0.782010582011,1.56947276435,0.0633648943918,Pomán,10
10091,0.0907397551889,0.815738025415,1.46187759336,0.0957873620863,Santa María,10
10098,0.0848429449892,0.672869735553,1.6868516961,0.0529715762274,Santa Rosa,10
10105,0.0944096601073,0.807200378967,1.37931034483,0.0512693702605,Tinogasta,10
10112,0.0834740474268,0.813544415128,1.62348033373,0.0617553036908,Valle Viejo,10
14007,0.0699250867897,0.718578521035,1.49748276239,0.17652970736,Calamuchita,14
14014,0.0664679107464,0.756574183036,1.45466600002,0.267672853946,,14
14021,0.071809585567,0.716724393864,1.57642273007,0.181969269363,,14
14028,0.0847189366735,0.705705102451,1.6677736149,0.122585904189,Cruz del Eje,14
14035,0.0686491794081,0.646505925623,1.39976438249,0.128876636802,General Roca,14
14042,0.0649567687166,0.72400048315,1.41154451016,0.234983640228,,14
14049,0.0773824731732,0.716467189435,1.57275603998,0.12743302038,Ischilín,14
14056,0.0674874750319,0.695536147501,1.37343437296,0.169207394277,Juárez Celman,14
14063,0.0626553428338,0.712360238934,1.30458460614,0.137163152554,Marcos Juárez,14
14070,0.0829278612228,0.709183673469,1.43416262136,0.0508361204013,Minas,14
14077,0.0724907063197,0.607692307692,1.51378728194,0.072625698324,Pocho,14
14084,0.0651838377157,0.69133192389,1.34442509356,0.144083890678,Presidente Roque Sáenz Peña	,14
14084,0.0651838377157,0.69133192389,1.34442509356,0.144083890678,Presidente Roque Sáenz Peña,14
14091,0.0708460154371,0.764538333729,1.5017045598,0.224603188967,Punilla,14
14098,0.064583815287,0.723245145479,1.36395491735,0.204604465986,Río Cuarto,14
14105,0.0753722549545,0.656054576464,1.55087054758,0.148989159098,Río Primero,14
14112,0.0840507476212,0.641509433962,1.62798131301,0.101144045762,Río Seco,14
14119,0.0695925490272,0.703518980327,1.41805553657,0.164256777812,Río Segundo,14
14126,0.0794778942817,0.691941516491,1.684680173,0.121608527132,San Alberto,14
14133,0.0742339312407,0.696451044551,1.51032847951,0.148407442447,San Javier,14
14140,0.0662847116191,0.687166361974,1.38200440779,0.199949126167,San Justo,14
14147,0.0703242758789,0.710644460536,1.61053702063,0.161064525298,,14
14154,0.0829884556741,0.54593175853,1.64198855508,0.070938215103,Sobremonte,14
14161,0.0645982803001,0.738165889501,1.33047533458,0.184064562649,Tercero Arriba,14
14168,0.0756089674499,0.699215965788,1.54839786382,0.148051463733,Totoral,14
14175,0.0738578079381,0.663461538462,1.47514841113,0.0898292501856,Tulumba,14
14182,0.0651016296689,0.686909777713,1.35777212719,0.1383079985,Unión,14
18007,0.0871412818375,0.671604938272,1.75721915024,0.0727883538634,Bella Vista,18
18014,0.0759853718001,0.743315508021,1.65612382234,0.0281065088757,Berón de Astrada,18
18021,0.080740209311,0.78591432424,1.61038184548,0.165486169105,,18
18028,0.0956756500734,0.562376237624,1.86510600707,0.0386167146974,Concepción,18
18035,0.083566149964,0.653815044486,1.57596846927,0.0886228507151,Curuzú Cuatiá,18
18042,0.0884241180753,0.690119760479,1.67821837165,0.0374845869297,Empedrado,18
18049,0.0822349198104,0.634030793525,1.66434322148,0.0590774543661,Esquina,18
18056,0.0855412566238,0.761061946903,1.46886582654,0.0511101801424,,18
18063,0.0862092208142,0.721657544957,1.61243343115,0.0555960184511,,18
18070,0.0843717693616,0.698287220026,1.67101328132,0.0671212619126,Goya,18
18077,0.0946461672664,0.720046082949,1.58558091286,0.0435667752443,Itatí,18
18084,0.0926805778491,0.725320401801,1.6134044647,0.0785227680172,,18
18091,0.0913105462638,0.56587966489,1.97317324185,0.0519693654267,Lavalle,18
18098,0.0863597060095,0.717146433041,1.64304741609,0.0309033280507,Mburucuyá,18
18105,0.0913271202695,0.661281637049,1.56694794436,0.0736663086287,,18
18112,0.0791733171886,0.681612791102,1.50430534857,0.0966518068861,Monte Caseros,18
18119,0.0800953908145,0.719712525667,1.60027635215,0.126905085257,Paso de los Libres,18
18126,0.0882934723971,0.680244399185,1.7586970272,0.0473572188719,Saladas,18
18133,0.0879632848898,0.735968379447,1.68238184371,0.054353426069,San Cosme,18
18140,0.0901648664014,0.786885245902,1.79197229014,0.0330541091238,San Luis del Palmar,18
18147,0.0781582952816,0.66893865628,1.57008005735,0.0625512155149,San Martín,18
18154,0.103386303443,0.709972552608,1.87913259865,0.0227183705445,,18
18161,0.0922356528368,0.6906729634,1.79988239906,0.032023911187,San Roque,18
18168,0.0870841966165,0.71974522293,1.59250214336,0.142162746039,Santo Tomé,18
18175,0.0895704162976,0.645241038319,1.62504498021,0.0473349244232,Sauce,18
22007,0.093206162876,0.564546599496,1.89811720143,0.0475372279496,,22
22014,0.0894938527862,0.757805530776,1.61251287333,0.0469977553311,Bermejo,22
22021,0.0828416405347,0.691321130619,1.66036960282,0.100592592593,Comandante Fernández,22
22028,0.087643020595,0.647519582245,1.64950121327,0.0932422886744,,22
22036,0.0904357973161,0.622828784119,1.7382586987,0.0687593423019,12 de Octubre,22
22039,0.0888051668461,0.586363636364,1.65008880995,0.0796793965111,2 de Abril,22
22043,0.0842212075089,0.595381526104,1.85972637207,0.0960049550945,Fray Justo Santa María de Oro,22
22049,0.0912579245913,0.584095063985,1.82967032967,0.0298895386615,,22
22056,0.0914010378058,0.711273317113,1.71781484783,0.0440778799351,General Donovan,22
22063,0.0930852648513,0.581533045287,2.00023836482,0.0574146030273,General Güemes,22
22070,0.093480879925,0.486396181384,1.9922659792,0.0337825364593,Independencia,22
22077,0.0867741404836,0.699526066351,1.72502837684,0.0386160024714,Libertad,22
22084,0.0918558844912,0.651573716179,1.83407237434,0.0503893144268,Libertador General San Martín,22
22091,0.0980306864916,0.50786607503,1.90896051936,0.0458556571068,,22
22098,0.0929920116195,0.664974619289,1.68378576669,0.0786705388835,Mayor Luis J. Fontana,22
22105,0.0948695499912,0.646733111849,1.71542712964,0.0745062836625,,22
22112,0.0882718195817,0.527855936972,1.83609996352,0.0435956790123,O' Higgins,22
22119,0.0978478278262,0.600981193786,1.7848065115,0.0456674473068,Presidencia de la Plaza,22
22126,0.0922301879481,0.759453781513,1.63737309645,0.039268788084,1o de Mayo,22
22133,0.0949502655439,0.592707045735,1.84971506106,0.0488137132478,Quitilipi,22
22140,0.0821952854373,0.76609188247,1.59316714491,0.102468687602,,22
22147,0.0952251394368,0.612142857143,1.77175222945,0.0348196392786,San Lorenzo,22
22154,0.100132166908,0.716530483972,1.7441273326,0.0348065033204,Sargento Cabral,22
22161,0.0932389553332,0.596858638743,1.81524147098,0.0363321799308,Tapenagá,22
22168,0.089098066062,0.580484056857,1.9458505395,0.0423526287839,,22
26007,0.0720051156449,0.810321715818,1.64558143229,0.260144661027,Biedma,26
26014,0.0817916726421,0.788427819988,1.45149875104,0.106047065833,Cushamen,26
26021,0.0677446498341,0.79667721519,1.494182089,0.209705494505,Escalante,26
26028,0.0780577750461,0.700787401575,1.61890547264,0.0772442588727,,26
26035,0.0764694957749,0.840012143291,1.46566859476,0.183478893741,Futaleufú,26
26042,0.075307423032,0.747318235995,1.48943850267,0.124572405929,Gaiman,26
26049,0.0462508759636,0.651515151515,1.3361423221,0.037109375,Gastre,26
26056,0.0768233387358,0.658227848101,1.40482695811,0.0475302889096,Languiñeo,26
26063,0.0745501285347,0.327586206897,1.34602076125,0.0522648083624,Mártires,26
26070,0.0792715586502,0.641891891892,1.42301829268,0.040061633282,Paso de Indios,26
26077,0.0745089975859,0.826962387572,1.45389623331,0.180178211572,Rawson,26
26084,0.0764341863188,0.700218818381,1.3172504957,0.0927419354839,Río Senguer,26
26091,0.0767813267813,0.756571428571,1.65471177581,0.209380748007,Sarmiento,26
26098,0.0751391465677,0.703703703704,1.42781456954,0.105409927496,Tehuelches,26
26105,0.0687347931873,0.628318584071,1.24734446131,0.0680379746835,Telsen,26
30008,0.068564993565,0.69404035664,1.44252860226,0.16325201623,,30
30015,0.0798315621085,0.679239723,1.64115012644,0.11400108374,Concordia,30
30021,0.0672979443929,0.757051282051,1.40683983735,0.172754329004,Diamante,30
30028,0.0783723230912,0.618526081307,1.56001906448,0.13809474662,Federación,30
30035,0.0880021652554,0.696397188049,1.63245597425,0.0900377969762,Federal,30
30042,0.0925127660985,0.739784946237,1.75214966303,0.0620410230438,Feliciano,30
30049,0.0725863963148,0.69755708975,1.45147573087,0.132421222064,Gualeguay,30
30056,0.0670193036789,0.770856052345,1.41261872806,0.140264409138,Gualeguaychú,30
30063,0.0850376749193,0.675754625122,1.57828018819,0.0740203193033,Islas del Ibicuy,30
30070,0.0894578718443,0.698078529657,1.67169735889,0.0803605572248,,30
30077,0.068492799672,0.715301159746,1.43209423507,0.0847874170558,Nogoyá,30
30084,0.0684582119848,0.792015813674,1.45105521975,0.16323907455,Paraná,30
30088,0.0743215993547,0.682945736434,1.50996085254,0.109377972228,San Salvador,30
30091,0.069978570037,0.726057906459,1.35966306421,0.113252438734,Tala,30
30098,0.0652450162815,0.712416311625,1.39398552429,0.159457219169,Uruguay,30
30105,0.0707355942629,0.70395256917,1.49596386298,0.110187110187,Victoria,30
30113,0.0809149392423,0.692074709743,1.49201657627,0.142333288062,Villaguay,30
34007,0.0874982201338,0.568755085435,2.30262295082,0.0470687711387,,34
34014,0.0902992908165,0.800869483036,1.65068251933,0.115312754507,Formosa,34
34021,0.100978725898,0.740568775392,1.83631080499,0.0482591449978,Laishi,34
34028,0.0997565217391,0.730822873082,2.12742341276,0.0802854594112,Matacos,34
34035,0.0937723276126,0.695692738299,1.7942807807,0.0648069579975,Patiño,34
34042,0.101472906136,0.715050883771,1.75764233856,0.0429703796412,Pilagás,34
34049,0.0917035190064,0.770424522252,1.72514963985,0.0732263359475,Pilcomayo,34
34056,0.0946163615525,0.691275167785,1.72047537838,0.0566227947354,Pirané,34
34063,0.0887014686637,0.550819672131,3.17058552328,0.0364806866953,Ramón Lista,34
38007,0.0977402022756,0.802748585287,1.79798266799,0.124518233027,Cochinoca,38
38014,0.0895619287091,0.713726843861,1.85387054868,0.110529926256,El Carmen,38
38021,0.0830992765288,0.856864168406,1.54164341842,0.134222710066,Dr. Manuel Belgrano,38
38028,0.0935160658758,0.807266009852,1.64591034025,0.0892028679882,Humahuaca,38
38035,0.0875657170803,0.776040212231,1.71842171611,0.0823298107643,Ledesma,38
38042,0.0838289221181,0.834088848595,1.65303558529,0.107674858223,Palpalá,38
38049,0.0819935691318,0.71568627451,2.27422303473,0.0795660036166,Rinconada,38
38056,0.0942678011644,0.75296912114,1.71111111111,0.0548829701372,San Antonio,38
38063,0.0872902701334,0.813435114504,1.67605539424,0.0494494290375,,38
38070,0.0985899605189,0.732837528604,1.96978113543,0.0464637216754,Santa Bárbara,38
38077,0.0882142857143,0.761133603239,1.7665615142,0.0673758865248,Santa Catalina,38
38084,0.0888947507254,0.729970326409,1.93913043478,0.0644028103044,Susques,38
38094,0.0878613652927,0.797235023041,1.62209378694,0.107153370621,Tilcara,38
38098,0.0860884499785,0.760598503741,1.65118752216,0.116822429907,Tumbaya,38
38105,0.0791513667891,0.742268041237,1.56713554987,0.045045045045,Valle Grande,38
38112,0.0971354416995,0.850074220683,1.61612552431,0.159822222222,Yavi,38
42007,0.0715059588299,0.68870523416,1.20281957114,0.105688789738,Atreucó,42
42014,0.0739299610895,0.789473684211,1.44472204872,0.0728744939271,Caleu Caleu,42
42021,0.0691184290489,0.800384668224,1.35310291661,0.229844373279,,42
42028,0.0734951323187,0.67723880597,1.340625,0.131435747175,Catriló,42
42035,0.0679121972011,0.690376569038,1.1997784028,0.0990792634107,Conhelo,42
42042,0.0711538461538,0.702702702703,1.44846796657,0.0805555555556,Curacó,42
42049,0.091122278057,0.724264705882,1.45396980029,0.105596620908,Chalileo,42
42056,0.0668674698795,0.669240669241,1.29211609029,0.122740963855,Chapaleufú,42
42063,0.0559254327563,0.5,1.49452736318,0.0548523206751,Chicalcó,42
42070,0.0634129770128,0.6875,1.15016931493,0.113366645846,Guatraché,42
42077,0.0633952254642,0.719665271967,1.11786508525,0.101100412655,Hucal,42
42084,0.0318906605923,0.428571428571,0.982102908277,0.0494505494505,Lihuel Calel,42
42091,0.0636182902584,0.34375,1.21204819277,0.0582010582011,Limay Mahuida,42
42098,0.0871330780833,0.814913448735,1.30749393204,0.0945467422096,Loventué,42
42105,0.0696326917864,0.760583941606,1.3480723552,0.210171039943,Maracó,42
42112,0.0834389522602,0.7,1.56083086053,0.14229390681,Puelén,42
42119,0.0656816345377,0.697715289982,1.16469481043,0.101306148455,Quemú Quemú,42
42126,0.070303712036,0.693333333333,1.33952787544,0.0917929653989,Rancul,42
42133,0.0715474209651,0.749354005168,1.26872556685,0.111659356725,Realicó,42
42140,0.068337496978,0.716981132075,1.45919567262,0.126955161627,Toay,42
42147,0.0739034279396,0.630922693267,1.24879171461,0.0885529157667,Trenel,42
42154,0.074533324348,0.71609403255,1.26861588441,0.126673326673,Utracán,42
46007,0.0924892982229,0.638148667602,1.62585679637,0.107082015089,Arauco,46
46014,0.0828531174894,0.794345158709,1.57725723946,0.149828277046,,46
46021,0.0808341143393,0.802898550725,1.29608259945,0.0353915662651,Castro Barros,46
46028,0.0947346600332,0.82056892779,1.43124165554,0.0806266717616,Coronel Felipe Varela,46
46035,0.0848870056497,0.763727121464,1.47423217074,0.127649088221,Chamical,46
46042,0.0844999190808,0.714388316974,1.56306719368,0.116165413534,Chilecito,46
46049,0.0898857240321,0.770398481973,1.35843373494,0.0450029222677,Famatina,46
46056,0.0956719817768,0.751700680272,1.49319727891,0.0265282583622,General Angel V. Peñaloza,46
46063,0.09131614654,0.811292719168,1.47873194222,0.109353187529,,46
46070,0.100048685492,0.732360097324,1.55901328273,0.0498664292075,General Juan F. Quiroga,46
46077,0.0865051903114,0.8,1.43900414938,0.0371900826446,General Lamadrid,46
46084,0.0793561931421,0.753086419753,1.46534044299,0.069179389313,General Ocampo,46
46091,0.0902103559871,0.683856502242,1.74637937125,0.0516576715497,,46
46098,0.0948370560234,0.853281853282,1.34069710358,0.0744125326371,Vinchina,46
46105,0.0828182941904,0.626865671642,1.68191268191,0.0466562986003,,46
46112,0.103244627864,0.745692625775,1.62305116064,0.102701325178,Rosario Vera Peñaloza,46
46119,0.0949834479246,0.753351206434,1.44907749077,0.033118675253,San Blas de los Sauces,46
46126,0.0857142857143,0.835820895522,1.51485788114,0.0530546623794,Sanagasta,46
50007,0.054032910006,0.825933075933,1.25594724718,0.325148201145,,50
50014,0.0738977794051,0.763625765083,1.39859023406,0.136696501221,,50
50021,0.0650380661063,0.8266965788,1.36290872418,0.215233115468,Godoy Cruz,50
50028,0.0701930564511,0.773505346117,1.51100498339,0.207546696753,Guaymallén,50
50035,0.0769698090282,0.728208647907,1.5713040591,0.099073548875,,50
50042,0.0921893727527,0.798483206934,1.55828793774,0.0829557337051,,50
50049,0.0767874853928,0.756122514227,1.6079487139,0.158823965319,Las Heras,50
50056,0.0896891501987,0.669195751138,1.81341625944,0.0666738591002,,50
50063,0.0745112104631,0.768051046681,1.51352716163,0.139763596314,Luján de Cuyo,50
50070,0.0750992270733,0.696260237985,1.60039375563,0.138246472976,,50
50077,0.0782357194505,0.742144177449,1.59130134622,0.15716112532,Malargüe,50
50084,0.077519379845,0.727459954233,1.56469967803,0.105703852934,,50
50091,0.0800772271766,0.719096823574,1.59292164999,0.141346688926,San Carlos,50
50098,0.0746997124006,0.678632091496,1.57826580335,0.125022914757,,50
50105,0.0727855843589,0.787869930581,1.469636925,0.173786597152,San Rafael,50
50112,0.0832417246855,0.683052090976,1.57928240741,0.0716538981523,,50
50119,0.0785717174168,0.731085949563,1.69388314268,0.164352193825,Tunuyán,50
50126,0.0839072684787,0.685232685966,1.79988931931,0.181125439625,Tupungato,50
54007,0.0900849724254,0.699421965318,1.57869367013,0.104015230183,Apóstoles,54
54014,0.0915866149842,0.542424861991,1.60258680191,0.064294154445,Cainguás,54
54021,0.0915310650888,0.695353535354,1.67243938644,0.0441156322784,Candelaria,54
54028,0.0828591311631,0.785610762199,1.51584430618,0.143041237113,,54
54035,0.0926177299781,0.593010146561,1.61691710282,0.0545665634675,,54
54042,0.0881732527071,0.71842830216,1.55348347633,0.116709036284,Eldorado,54
54049,0.0934921448884,0.495387683869,1.68045436741,0.0605868502083,General Manuel Belgrano,54
54056,0.0946286286581,0.429260700389,1.6280302122,0.0656585530384,Guaraní,54
54063,0.0910284942902,0.681763527054,1.71309818955,0.12168079754,Iguazú,54
54070,0.0852579034942,0.652875357793,1.50209944015,0.0987522008727,,54
54077,0.0900324305749,0.676526717557,1.53788479324,0.111520665046,Libertador Grl. San Martín,54
54084,0.0942169002585,0.695840554593,1.57097050021,0.0819989801122,Montecarlo,54
54091,0.0857945507484,0.630488994904,1.55014491918,0.120469083156,Oberá,54
54098,0.0959846175166,0.683811586356,1.61206366937,0.0659284058717,San Ignacio,54
54105,0.084473356931,0.58550396376,1.56435199042,0.0553027651383,,54
54112,0.0992560626067,0.507138221934,1.77090224706,0.0464448793216,,54
54119,0.0905815377964,0.430787589499,1.46358698518,0.0479479346527,,54
58007,0.0810257645076,0.775631500743,1.64998013508,0.162006578947,Aluminé,58
58014,0.0832560726868,0.661469933185,1.87159465556,0.149783817171,Añelo,58
58021,0.0798143851508,0.598837209302,1.66666666667,0.0484114977307,Catán Lil,58
58028,0.0966460723742,0.7899543379,1.52489905787,0.13829787234,Collón Curá,58
58035,0.0728176621916,0.790866749972,1.48307039282,0.193722335418,Confluencia,58
58042,0.0907184058731,0.848265895954,1.58487429877,0.187173913043,Chos Malal,58
58049,0.0876061120543,0.824031007752,1.60002173204,0.239696826149,Huiliches,58
58056,0.0726435390614,0.803794539565,1.4594515037,0.285745494265,Lácar,58
58063,0.0851985559567,0.728813559322,1.74917908563,0.1125,Loncopué,58
58070,0.0687614602434,0.820606060606,1.46406345333,0.302235716257,Los Lagos,58
58077,0.0887475808681,0.834890965732,1.55369415808,0.114350797267,,58
58084,0.0880221653879,0.811138014528,1.68413496052,0.0760869565217,Ñorquín,58
58091,0.06812803587,0.703839122486,1.75433357611,0.256531406337,Pehuenches,58
58098,0.0803844473569,0.747282608696,1.526,0.113620807666,Picún Leufú,58
58105,0.0932782682996,0.825954198473,1.70685464268,0.135421930268,Picunches,58
58112,0.0811513310898,0.797707349966,1.55388801497,0.151467163484,Zapala,58
62007,0.0723846180519,0.828982035928,1.41847425114,0.1816298719,,62
62014,0.0800894601251,0.715447154472,1.56497275265,0.166935254526,,62
62021,0.0786441947566,0.82131631584,1.48188437972,0.221864875167,Bariloche,62
62028,0.0783703494129,0.685920577617,1.39924782264,0.131322094055,Conesa,62
62035,0.0632575757576,0.622754491018,1.54160583942,0.0379882289995,El Cuy,62
62042,0.0736941490273,0.748625792812,1.50656526536,0.178260738387,,62
62049,0.0774100719424,0.780669144981,1.50955690704,0.0552092609083,,62
62056,0.0627880184332,0.633027522936,1.35202492212,0.0423861852433,Ñorquincó,62
62063,0.0802438505706,0.764134275618,1.30656663888,0.122466396416,Pichi Mahuida,62
62070,0.086295099623,0.787831513261,1.4020385051,0.102966101695,Pilcaniyeu,62
62077,0.0724969266494,0.783796514366,1.45539486109,0.193391115926,,62
62084,0.0792846078017,0.774422735346,1.54942177613,0.133463224549,Valcheta,62
62091,0.0794003684177,0.768,1.60413694722,0.131821099936,,62
66007,0.090975597011,0.632778096879,1.88041662572,0.0801431911163,Anta,66
66014,0.0943267259057,0.74347826087,1.73300165837,0.119823302043,Cachi,66
66021,0.0830303030303,0.767234387672,1.69869595058,0.196343178622,Cafayate,66
66028,0.0813895577984,0.823715451254,1.59744760225,0.162072992701,,66
66035,0.0880438123446,0.722310377658,1.9653487095,0.0745443856555,Cerrillos,66
66042,0.0886528247224,0.729847494553,1.85990121239,0.0943624974742,Chicoana,66
66049,0.0893363825012,0.763688077744,1.75281149093,0.0975609756098,,66
66056,0.0897265948633,0.701399247106,1.84839203675,0.0746670183305,Grl. José de San Martín,66
66063,0.0903671164104,0.635416666667,1.56609336609,0.0772626931567,Guachipas,66
66070,0.0983798229497,0.728353140917,1.99367299367,0.0864361702128,Iruya,66
66077,0.078835501739,0.813725490196,1.55914842338,0.0704022988506,La Caldera,66
66084,0.0850280504909,0.744329896907,1.75130488179,0.0633083730429,La Candelaria,66
66091,0.0920598388953,0.61875,1.83720930233,0.10401891253,La Poma,66
66098,0.0855413584398,0.795597484277,1.72305909618,0.0898876404494,La Viña,66
66105,0.0894214876033,0.713493530499,2.08692652639,0.1056,Los Andes,66
66112,0.0911005923025,0.738846572361,1.6341068319,0.0923183254344,Metán,66
66119,0.105095541401,0.63468013468,1.78691116029,0.0747271200672,Molinos,66
66126,0.0936559155274,0.696454664308,1.92033084828,0.0727580903355,Orán,66
66133,0.0894686563231,0.541605301915,2.38000784006,0.0317305004193,,66
66140,0.0838823164212,0.694490131579,1.58761362392,0.0891964628989,Rosario de la Frontera,66
66147,0.0889359723012,0.757117954678,1.81656888054,0.0905441570027,Rosario de Lerma,66
66154,0.0905074116306,0.677165354331,1.72214040255,0.107142857143,,66
66161,0.102184841454,0.706717123936,1.94875659382,0.0793713163065,Santa Victoria,66
70007,0.0788680509042,0.6491507431,1.89768033047,0.0501449769742,Albardón,70
70014,0.0744615384615,0.642975206612,1.87644341801,0.0282878411911,Angaco,70
70021,0.0926874708896,0.73743718593,1.66080061884,0.108171941427,Calingasta,70
70028,0.0590709566269,0.83214396525,1.28599375405,0.222561602397,,70
70035,0.0810839005816,0.691219041492,1.75066204,0.0633728311468,Caucete,70
70042,0.0821701162071,0.724965132497,1.79023819782,0.0827017173558,Chimbas,70
70049,0.0606660072535,0.73731884058,2.08596973865,0.0810039931546,Iglesia,70
70056,0.0805338242062,0.810857142857,1.53568904594,0.0890959925443,Jáchal,70
70063,0.086064252713,0.601747815231,2.04280070237,0.0346690679874,,70
70070,0.0836875964034,0.60665318049,1.87414510329,0.0588414170594,Pocito,70
70077,0.0764287213206,0.732982496282,1.63736059213,0.117208672087,,70
70084,0.0732808170279,0.810105680317,1.47996060172,0.1211775445,,70
70091,0.0823211875843,0.663387978142,1.84849492766,0.0456074766355,,70
70098,0.0728055399588,0.745215652671,1.59202118854,0.120559572461,Santa Lucía,70
70105,0.0882020694953,0.606557377049,1.98395338413,0.0597243491577,,70
70112,0.0798198935735,0.653846153846,1.83133433283,0.0308943089431,Ullúm,70
70119,0.103572417613,0.782085561497,1.57,0.0829764453961,Valle Fértil,70
70126,0.0858695017232,0.586394557823,1.96792734797,0.0302038761641,,70
70133,0.0908903968744,0.588235294118,1.82613593691,0.0342809364548,Zonda,70
74007,0.0781683868602,0.707774798928,1.54675850891,0.10950487893,,74
74014,0.0700125470514,0.645161290323,1.46669120353,0.048686244204,Belgrano,74
74021,0.0748650908262,0.697461928934,1.46792368627,0.110234278668,,74
74028,0.0749132279213,0.678893178893,1.43825833738,0.135265700483,,74
74035,0.0756479400154,0.758819823604,1.49470497447,0.150681228374,General Pedernera,74
74042,0.0798030393072,0.582978723404,1.61644023604,0.0932155074116,Gobernador Dupuy,74
74049,0.0691252203366,0.721,1.51688161896,0.209343518211,,74
74056,0.0746401070489,0.760769634883,1.55304604657,0.1787428064,La Capital,74
74063,0.0715954960697,0.522255192878,1.41521346963,0.0398692810458,,74
78007,0.0644550617507,0.87972027972,1.29606262414,0.260270037346,Corpen Aike,78
78014,0.0738362909969,0.811627029068,1.52976960359,0.255475813217,Deseado,78
78021,0.0740551087254,0.871483071054,1.4262850379,0.264633677423,Güer Aike,78
78028,0.050943596268,0.785639958377,1.69976572355,0.427249637155,Lago Argentino,78
78035,0.0678857142857,0.789562289562,1.45445478723,0.222870478413,Lago Buenos Aires,78
78042,0.0678113453597,0.801282051282,1.37159040095,0.220520128251,Magallanes,78
78049,0.0641721597518,0.818731117825,1.60635316101,0.230230930721,Río Chico,78
82007,0.0644145753327,0.658578856153,1.39565610296,0.11594503142,,82
82014,0.058574908648,0.706591807028,1.34897553441,0.128761046116,Caseros,82
82021,0.068779058015,0.671075189811,1.47407628129,0.190258132956,Castellanos,82
82028,0.0638706708089,0.728157088813,1.4276562192,0.101650236522,Constitución,82
82035,0.0897079942556,0.58591248666,1.74694765011,0.0767918088737,Garay,82
82042,0.0647876706592,0.673884938591,1.37861751418,0.168687982359,General López,82
82049,0.0815996825577,0.711010767628,1.64281124573,0.119674198003,General Obligado,82
82056,0.0629921259843,0.675238095238,1.41105138407,0.120387285349,Iriondo,82
82063,0.0674147246297,0.766801322071,1.47707147197,0.163910302605,,82
82070,0.0640996321918,0.68232495912,1.40617965484,0.175779998252,Las Colonias,82
82077,0.0801488334674,0.657465495609,1.64726670348,0.0938929551693,,82
82084,0.0632244335438,0.724176770688,1.4465239216,0.171672190618,Rosario,82
82091,0.0739713696681,0.661432777233,1.44866024482,0.124908155768,San Cristóbal,82
82098,0.089537775768,0.649711399711,1.62676685408,0.0770075799187,,82
82105,0.0696561108362,0.667021843367,1.46683118014,0.10864312992,San Jerónimo,82
82112,0.0708732642284,0.698171783374,1.41707950805,0.123465263479,,82
82119,0.0677816285651,0.674734965757,1.54978367777,0.112326783868,,82
82126,0.0640487453401,0.630716556615,1.35447872024,0.125739300517,,82
82133,0.086107119276,0.68448353631,1.65858214964,0.0822716183247,Vera,82
86007,0.0776609724047,0.522842639594,1.74942528736,0.0618112122664,Aguirre,86
86014,0.0866566195224,0.453511705686,2.00768067031,0.0195979899497,Alberdi,86
86021,0.0882541426348,0.51867219917,1.89701285168,0.00793650793651,Atamisqui,86
86028,0.087366950826,0.457552370452,1.98423165138,0.016336532571,,86
86035,0.0858173026237,0.646601146601,1.77164452303,0.033140392691,Banda,86
86042,0.0889321648815,0.644768856448,1.69845644983,0.094217549535,,86
86049,0.0805690219934,0.743611188551,1.58533038968,0.0567354236623,,86
86056,0.0878232072347,0.554024655547,1.87811733748,0.0283169369848,Copo,86
86063,0.0809992211613,0.681623931624,1.59498504716,0.061912308505,Choya,86
86070,0.0902918069585,0.502175264139,2.08153253125,0.00612144955926,Figueroa,86
86077,0.0890434326204,0.529325081049,1.88042834583,0.043535765458,General Taboada,86
86084,0.0864246250987,0.51902587519,1.72812002728,0.0261538461538,Guasayán,86
86091,0.0898829431438,0.476744186047,1.80120481928,0.0128276631344,Jiménez,86
86098,0.0845936513213,0.552717747217,1.96014768162,0.0179425837321,Juan F. Ibarra,86
86105,0.0867438610501,0.57249712313,1.81075463172,0.0261396905061,Loreto,86
86112,0.0708994708995,0.268656716418,1.7027027027,0.0130597014925,Mitre,86
86119,0.0869903516962,0.501967799642,2.07920792079,0.0504888174635,,86
86126,0.09037692747,0.60663507109,1.65991231189,0.0628964059197,Ojo de Agua,86
86133,0.0826264989763,0.473156342183,1.72967959528,0.0336102719033,,86
86140,0.0888531415594,0.433439829606,1.70726978998,0.0470252939081,Quebrachos,86
86147,0.0840031348534,0.576263831634,1.7501993684,0.0328001768998,Río Hondo,86
86154,0.0813559322034,0.598039215686,1.50104759054,0.0776566757493,,86
86161,0.0885961949792,0.528589580686,1.95316622691,0.0395890281836,Robles,86
86168,0.0802353570473,0.385555555556,1.86205179283,0.013612950699,Salavina,86
86175,0.085037127454,0.486842105263,1.96738042826,0.0145953118089,,86
86182,0.0915997395268,0.5663507109,2.0493772242,0.0113528855251,,86
86189,0.0929719917012,0.47419804742,2.0289397527,0.00549752611325,Silípica,86
90007,0.0883873237531,0.60685854256,1.85208761466,0.0112410582491,Burruyacú,90
90014,0.0819118111458,0.680825160636,1.86780425717,0.0302172743644,Cruz Alta,90
90021,0.082293924568,0.669777242625,1.73429713009,0.0572895690697,Chicligasta,90
90028,0.0853743269064,0.676161410648,1.8777928785,0.0423993016586,Famaillá,90
90035,0.0826507268836,0.7,1.82948562171,0.0163746049986,Graneros,90
90042,0.0838046102457,0.733228097869,1.70272553215,0.051363516018,Juan Bautista Alberdi,90
90049,0.0903589095885,0.670355270821,1.84199302055,0.0301714781854,La Cocha,90
90056,0.0814391526688,0.724022346369,1.78707558215,0.0182244016687,Leales,90
90063,0.0774454537489,0.691495379974,1.78923438725,0.0402175906118,Lules,90
90070,0.0804669945475,0.740675649287,1.70450223639,0.0361891620672,Monteros,90
90077,0.0834168909529,0.722690847744,1.72180155076,0.0374787052811,,90
90084,0.0712013496919,0.764713408393,1.52368817007,0.149543263899,,90
90091,0.0822969296541,0.681621408894,1.80224141957,0.0256507936508,Simoca,90
90098,0.07989017612,0.667225481978,1.42640175757,0.0503524672709,Tafí del Valle,90
90105,0.0805504858679,0.727903653807,1.70545265903,0.0523646379148,Tafí Viejo,90
90112,0.0860629785274,0.695652173913,1.70053842389,0.051339788336,Trancas,90
90119,0.0813575576749,0.811722331369,1.48204591666,0.0658405172414,Yerba Buena,90
94007,0.0747837012078,0.889079801451,1.38076369586,0.228631480617,Río Grande,94
94014,0.0749701523983,0.909367681499,1.45902605221,0.282757440985,Ushuaia,94
